<?xml version="1.0"?>
<hark_xml version="1.3">
    <config>
        <comment>Generated by HARKTOOL5-GUI</comment>
        <SynchronousAverage>16</SynchronousAverage>
        <TSPpath>16384.little_endian.wav</TSPpath>
        <TSPOffset>16384</TSPOffset>
        <PeakSearch from="0" to="0"/>
        <nfft>512</nfft>
        <samplingRate>16000</samplingRate>
        <signalMax>32768</signalMax>
        <TSPLength>16384</TSPLength>
    </config>
    <positions type="soundsource" coordinate="cartesian">
        <position x="0.9578" y="0.0000" z="0.2874" id="0" path="/file/path/filename_D0.0_E16.7_R1.0.wav"/>
        <position x="0.9542" y="0.0835" z="0.2874" id="1" path="/file/path/filename_D5.0_E16.7_R1.0.wav"/>
        <position x="0.9433" y="0.1663" z="0.2874" id="2" path="/file/path/filename_D10.0_E16.7_R1.0.wav"/>
        <position x="0.9252" y="0.2479" z="0.2874" id="3" path="/file/path/filename_D15.0_E16.7_R1.0.wav"/>
        <position x="0.9001" y="0.3276" z="0.2874" id="4" path="/file/path/filename_D20.0_E16.7_R1.0.wav"/>
        <position x="0.8681" y="0.4048" z="0.2874" id="5" path="/file/path/filename_D25.0_E16.7_R1.0.wav"/>
        <position x="0.8295" y="0.4789" z="0.2874" id="6" path="/file/path/filename_D30.0_E16.7_R1.0.wav"/>
        <position x="0.7846" y="0.5494" z="0.2874" id="7" path="/file/path/filename_D35.0_E16.7_R1.0.wav"/>
        <position x="0.7337" y="0.6157" z="0.2874" id="8" path="/file/path/filename_D40.0_E16.7_R1.0.wav"/>
        <position x="0.6773" y="0.6773" z="0.2874" id="9" path="/file/path/filename_D45.0_E16.7_R1.0.wav"/>
        <position x="0.6157" y="0.7337" z="0.2874" id="10" path="/file/path/filename_D50.0_E16.7_R1.0.wav"/>
        <position x="0.5494" y="0.7846" z="0.2874" id="11" path="/file/path/filename_D55.0_E16.7_R1.0.wav"/>
        <position x="0.4789" y="0.8295" z="0.2874" id="12" path="/file/path/filename_D60.0_E16.7_R1.0.wav"/>
        <position x="0.4048" y="0.8681" z="0.2874" id="13" path="/file/path/filename_D65.0_E16.7_R1.0.wav"/>
        <position x="0.3276" y="0.9001" z="0.2874" id="14" path="/file/path/filename_D70.0_E16.7_R1.0.wav"/>
        <position x="0.2479" y="0.9252" z="0.2874" id="15" path="/file/path/filename_D75.0_E16.7_R1.0.wav"/>
        <position x="0.1663" y="0.9433" z="0.2874" id="16" path="/file/path/filename_D80.0_E16.7_R1.0.wav"/>
        <position x="0.0835" y="0.9542" z="0.2874" id="17" path="/file/path/filename_D85.0_E16.7_R1.0.wav"/>
        <position x="0.0000" y="0.9578" z="0.2874" id="18" path="/file/path/filename_D90.0_E16.7_R1.0.wav"/>
        <position x="-0.0835" y="0.9542" z="0.2874" id="19" path="/file/path/filename_D95.0_E16.7_R1.0.wav"/>
        <position x="-0.1663" y="0.9433" z="0.2874" id="20" path="/file/path/filename_D100.0_E16.7_R1.0.wav"/>
        <position x="-0.2479" y="0.9252" z="0.2874" id="21" path="/file/path/filename_D105.0_E16.7_R1.0.wav"/>
        <position x="-0.3276" y="0.9001" z="0.2874" id="22" path="/file/path/filename_D110.0_E16.7_R1.0.wav"/>
        <position x="-0.4048" y="0.8681" z="0.2874" id="23" path="/file/path/filename_D115.0_E16.7_R1.0.wav"/>
        <position x="-0.4789" y="0.8295" z="0.2874" id="24" path="/file/path/filename_D120.0_E16.7_R1.0.wav"/>
        <position x="-0.5494" y="0.7846" z="0.2874" id="25" path="/file/path/filename_D125.0_E16.7_R1.0.wav"/>
        <position x="-0.6157" y="0.7337" z="0.2874" id="26" path="/file/path/filename_D130.0_E16.7_R1.0.wav"/>
        <position x="-0.6773" y="0.6773" z="0.2874" id="27" path="/file/path/filename_D135.0_E16.7_R1.0.wav"/>
        <position x="-0.7337" y="0.6157" z="0.2874" id="28" path="/file/path/filename_D140.0_E16.7_R1.0.wav"/>
        <position x="-0.7846" y="0.5494" z="0.2874" id="29" path="/file/path/filename_D145.0_E16.7_R1.0.wav"/>
        <position x="-0.8295" y="0.4789" z="0.2874" id="30" path="/file/path/filename_D150.0_E16.7_R1.0.wav"/>
        <position x="-0.8681" y="0.4048" z="0.2874" id="31" path="/file/path/filename_D155.0_E16.7_R1.0.wav"/>
        <position x="-0.9001" y="0.3276" z="0.2874" id="32" path="/file/path/filename_D160.0_E16.7_R1.0.wav"/>
        <position x="-0.9252" y="0.2479" z="0.2874" id="33" path="/file/path/filename_D165.0_E16.7_R1.0.wav"/>
        <position x="-0.9433" y="0.1663" z="0.2874" id="34" path="/file/path/filename_D170.0_E16.7_R1.0.wav"/>
        <position x="-0.9542" y="0.0835" z="0.2874" id="35" path="/file/path/filename_D175.0_E16.7_R1.0.wav"/>
        <position x="-0.9578" y="0.0000" z="0.2874" id="36" path="/file/path/filename_D180.0_E16.7_R1.0.wav"/>
        <position x="-0.9542" y="-0.0835" z="0.2874" id="37" path="/file/path/filename_D185.0_E16.7_R1.0.wav"/>
        <position x="-0.9433" y="-0.1663" z="0.2874" id="38" path="/file/path/filename_D190.0_E16.7_R1.0.wav"/>
        <position x="-0.9252" y="-0.2479" z="0.2874" id="39" path="/file/path/filename_D195.0_E16.7_R1.0.wav"/>
        <position x="-0.9001" y="-0.3276" z="0.2874" id="40" path="/file/path/filename_D200.0_E16.7_R1.0.wav"/>
        <position x="-0.8681" y="-0.4048" z="0.2874" id="41" path="/file/path/filename_D205.0_E16.7_R1.0.wav"/>
        <position x="-0.8295" y="-0.4789" z="0.2874" id="42" path="/file/path/filename_D210.0_E16.7_R1.0.wav"/>
        <position x="-0.7846" y="-0.5494" z="0.2874" id="43" path="/file/path/filename_D215.0_E16.7_R1.0.wav"/>
        <position x="-0.7337" y="-0.6157" z="0.2874" id="44" path="/file/path/filename_D220.0_E16.7_R1.0.wav"/>
        <position x="-0.6773" y="-0.6773" z="0.2874" id="45" path="/file/path/filename_D225.0_E16.7_R1.0.wav"/>
        <position x="-0.6157" y="-0.7337" z="0.2874" id="46" path="/file/path/filename_D230.0_E16.7_R1.0.wav"/>
        <position x="-0.5494" y="-0.7846" z="0.2874" id="47" path="/file/path/filename_D235.0_E16.7_R1.0.wav"/>
        <position x="-0.4789" y="-0.8295" z="0.2874" id="48" path="/file/path/filename_D240.0_E16.7_R1.0.wav"/>
        <position x="-0.4048" y="-0.8681" z="0.2874" id="49" path="/file/path/filename_D245.0_E16.7_R1.0.wav"/>
        <position x="-0.3276" y="-0.9001" z="0.2874" id="50" path="/file/path/filename_D250.0_E16.7_R1.0.wav"/>
        <position x="-0.2479" y="-0.9252" z="0.2874" id="51" path="/file/path/filename_D255.0_E16.7_R1.0.wav"/>
        <position x="-0.1663" y="-0.9433" z="0.2874" id="52" path="/file/path/filename_D260.0_E16.7_R1.0.wav"/>
        <position x="-0.0835" y="-0.9542" z="0.2874" id="53" path="/file/path/filename_D265.0_E16.7_R1.0.wav"/>
        <position x="0.0000" y="-0.9578" z="0.2874" id="54" path="/file/path/filename_D270.0_E16.7_R1.0.wav"/>
        <position x="0.0835" y="-0.9542" z="0.2874" id="55" path="/file/path/filename_D275.0_E16.7_R1.0.wav"/>
        <position x="0.1663" y="-0.9433" z="0.2874" id="56" path="/file/path/filename_D280.0_E16.7_R1.0.wav"/>
        <position x="0.2479" y="-0.9252" z="0.2874" id="57" path="/file/path/filename_D285.0_E16.7_R1.0.wav"/>
        <position x="0.3276" y="-0.9001" z="0.2874" id="58" path="/file/path/filename_D290.0_E16.7_R1.0.wav"/>
        <position x="0.4048" y="-0.8681" z="0.2874" id="59" path="/file/path/filename_D295.0_E16.7_R1.0.wav"/>
        <position x="0.4789" y="-0.8295" z="0.2874" id="60" path="/file/path/filename_D300.0_E16.7_R1.0.wav"/>
        <position x="0.5494" y="-0.7846" z="0.2874" id="61" path="/file/path/filename_D305.0_E16.7_R1.0.wav"/>
        <position x="0.6157" y="-0.7337" z="0.2874" id="62" path="/file/path/filename_D310.0_E16.7_R1.0.wav"/>
        <position x="0.6773" y="-0.6773" z="0.2874" id="63" path="/file/path/filename_D315.0_E16.7_R1.0.wav"/>
        <position x="0.7337" y="-0.6157" z="0.2874" id="64" path="/file/path/filename_D320.0_E16.7_R1.0.wav"/>
        <position x="0.7846" y="-0.5494" z="0.2874" id="65" path="/file/path/filename_D325.0_E16.7_R1.0.wav"/>
        <position x="0.8295" y="-0.4789" z="0.2874" id="66" path="/file/path/filename_D330.0_E16.7_R1.0.wav"/>
        <position x="0.8681" y="-0.4048" z="0.2874" id="67" path="/file/path/filename_D335.0_E16.7_R1.0.wav"/>
        <position x="0.9001" y="-0.3276" z="0.2874" id="68" path="/file/path/filename_D340.0_E16.7_R1.0.wav"/>
        <position x="0.9252" y="-0.2479" z="0.2874" id="69" path="/file/path/filename_D345.0_E16.7_R1.0.wav"/>
        <position x="0.9433" y="-0.1663" z="0.2874" id="70" path="/file/path/filename_D350.0_E16.7_R1.0.wav"/>
        <position x="0.9542" y="-0.0835" z="0.2874" id="71" path="/file/path/filename_D355.0_E16.7_R1.0.wav"/>
    </positions>
    <neighbors algorithm="NearestNeighbor">
        <neighbor id="0" ids="0;1;71;"/>
        <neighbor id="1" ids="1;2;0;"/>
        <neighbor id="2" ids="2;1;3;"/>
        <neighbor id="3" ids="3;4;2;"/>
        <neighbor id="4" ids="4;3;5;"/>
        <neighbor id="5" ids="5;6;4;"/>
        <neighbor id="6" ids="6;5;7;"/>
        <neighbor id="7" ids="7;6;8;"/>
        <neighbor id="8" ids="8;9;7;"/>
        <neighbor id="9" ids="9;8;10;"/>
        <neighbor id="10" ids="10;9;11;"/>
        <neighbor id="11" ids="11;12;10;"/>
        <neighbor id="12" ids="12;13;11;"/>
        <neighbor id="13" ids="13;12;14;"/>
        <neighbor id="14" ids="14;15;13;"/>
        <neighbor id="15" ids="15;14;16;"/>
        <neighbor id="16" ids="16;17;15;"/>
        <neighbor id="17" ids="17;16;18;"/>
        <neighbor id="18" ids="18;17;19;"/>
        <neighbor id="19" ids="19;20;18;"/>
        <neighbor id="20" ids="20;19;21;"/>
        <neighbor id="21" ids="21;22;20;"/>
        <neighbor id="22" ids="22;21;23;"/>
        <neighbor id="23" ids="23;24;22;"/>
        <neighbor id="24" ids="24;23;25;"/>
        <neighbor id="25" ids="25;24;26;"/>
        <neighbor id="26" ids="26;27;25;"/>
        <neighbor id="27" ids="27;26;28;"/>
        <neighbor id="28" ids="28;27;29;"/>
        <neighbor id="29" ids="29;30;28;"/>
        <neighbor id="30" ids="30;31;29;"/>
        <neighbor id="31" ids="31;30;32;"/>
        <neighbor id="32" ids="32;33;31;"/>
        <neighbor id="33" ids="33;32;34;"/>
        <neighbor id="34" ids="34;35;33;"/>
        <neighbor id="35" ids="35;34;36;"/>
        <neighbor id="36" ids="36;35;37;"/>
        <neighbor id="37" ids="37;38;36;"/>
        <neighbor id="38" ids="38;37;39;"/>
        <neighbor id="39" ids="39;40;38;"/>
        <neighbor id="40" ids="40;39;41;"/>
        <neighbor id="41" ids="41;42;40;"/>
        <neighbor id="42" ids="42;41;43;"/>
        <neighbor id="43" ids="43;42;44;"/>
        <neighbor id="44" ids="44;45;43;"/>
        <neighbor id="45" ids="45;44;46;"/>
        <neighbor id="46" ids="46;45;47;"/>
        <neighbor id="47" ids="47;48;46;"/>
        <neighbor id="48" ids="48;49;47;"/>
        <neighbor id="49" ids="49;48;50;"/>
        <neighbor id="50" ids="50;51;49;"/>
        <neighbor id="51" ids="51;50;52;"/>
        <neighbor id="52" ids="52;53;51;"/>
        <neighbor id="53" ids="53;52;54;"/>
        <neighbor id="54" ids="54;53;55;"/>
        <neighbor id="55" ids="55;56;54;"/>
        <neighbor id="56" ids="56;55;57;"/>
        <neighbor id="57" ids="57;58;56;"/>
        <neighbor id="58" ids="58;57;59;"/>
        <neighbor id="59" ids="59;60;58;"/>
        <neighbor id="60" ids="60;59;61;"/>
        <neighbor id="61" ids="61;60;62;"/>
        <neighbor id="62" ids="62;63;61;"/>
        <neighbor id="63" ids="63;62;64;"/>
        <neighbor id="64" ids="64;63;65;"/>
        <neighbor id="65" ids="65;66;64;"/>
        <neighbor id="66" ids="66;67;65;"/>
        <neighbor id="67" ids="67;66;68;"/>
        <neighbor id="68" ids="68;69;67;"/>
        <neighbor id="69" ids="69;68;70;"/>
        <neighbor id="70" ids="70;71;69;"/>
        <neighbor id="71" ids="71;70;0;"/>
    </neighbors>
</hark_xml>
